epoch,acc,loss,val_acc,val_loss
0,0.11999999731779099,2.2997794151306152,0.27000001072883606,2.184417486190796
1,0.28999999165534973,2.1420204639434814,0.3199999928474426,2.0262317657470703
